Company/Client,Tenant,Industry,Region,Country/Sub region,Line of Business,Product Category,Product/Account Type,Product Features,
,,Financial Services,North America,"US, Canada",Consumer,Credit Card,"Gold Card, Classic Card",,
,,,,,,Secured Lending,"Mortgage, Secured Line of Credit",,
,,,Latin America,"Mexico, Peru, Columbia etc",,Unsecured Lending,"Loans, Line of Credit",,
,,,,Caribbean Countries,,Auto Lending,"Loans, Lease, ",,
,,,,Brazil,,Deposits,Savings,,
,,,,,,,Checking,,
,,,EMEA,UK,,,Debit Cards,,
,,,,South Africa,,,"CD, GIC, Term Deposit, ",,
,,,,Europe,,,,,
,,,,Middle East,Small Business,Credit Card,"Gold Card, Classic Card",,
,,,,,,Secured Lending,"Mortgage, Secured Line of Credit",,
,,,,,,Unsecured Lending,"Loans, Line of Credit",,
,,,APAC,Australia/NZ,,Auto Lending,"Loans, Lease, ",,
,,,,India,,Deposits,Savings,,
,,,,APAC countries,,,Checking,,
,,,,,,,Debit Cards,,
,,,,,,,"CD, GIC, Term Deposit, ",,
,,,,,,,,,
,,,,,Corporate/Commercial,Commercial Lending,Letter of Credit,,
,,,,,,,Fleet/Floor Plan Financing,,
,,,,,,,Equipment Loans/Leasing,,
,,,,,,,Commercial Mortgage,,
,,,,,,,,,
,,Telco,,,Consumer/Business,Mobile ,Pre-paid Mobile Service,,
,,,,,,,Post-paid Mobile Service,,
,,,,,,,Equipment,,
,,,,,,Cable,Cable Service,,
,,,,,,,Equipment,,
,,,,,,Internet,Internet Service,,
,,,,,,,Equipment,,
,,,,,,Landline,Phone Service,,
,,,,,,,Equipment,,
,,,,,,Alarm/Security,Alarm Service,,
,,,,,,,Equipment,,
,,,,,,,,,
,,,,,,,,,
,,Utility,,,Consumer/Business,Electricity,Electricity Service,,
,,,,,,Gas,Gas service,,
,,,,,,Water,Water service,,
,,,,,,Other Services,Garbage service,,
,,,,,,,,,
,,Insurance,,,Consumer/Business,Auto,Personal Vehicle,,
,,,,,,,Commercial Vehicle,,
,,,,,,Home,Content insurance,,
,,,,,,,Property Insurance,,
,,,,,,,Earthquake/Flood,,
,,,,,,Business,Business Property,,
,,,,,,,Business Equipment,,
